Vmag,Plx,e_Plx,B-V,SpType,Amag,TargetClass
5.99,13.73,0.58,1.318,K5III,16.678352,0
8.7,2.31,1.29,-0.045,B1II,15.51806,0
5.77,5.5,1.03,0.855,G5III,14.471813,0
6.72,5.26,0.74,-0.015,B7V,15.324928,1
8.76,13.44,1.16,0.584,G0V,19.401997,1
4.9,8.37,0.76,-0.091,B9III,14.513628,0
8.6,5.09,1.37,0.448,F3V,17.133589,1
6.24,8.08,1.15,0.68,G0III,15.777057,0
7.31,1.86,0.87,1.164,K0/K1III,13.657564,0
9.52,1.28,1.33,1.5,K2III,15.05605,0
6.18,5.93,0.7,1.467,K4III,15.045273,0
7.57,8.67,0.84,0.528,F8V,17.260096,1
7.58,3.47,1.03,1.626,M1III,15.281647,0
8.27,1.62,0.92,0.146,B7V,14.317575,1
9.03,0.24,1.28,1.106,K0IVCN...,10.931056,1
9.79,3.91,2.45,0.711,F8IV/V,17.750885,1
8.69,1.97,0.85,1.444,K4III,15.162331,0
9.1,7.46,1.0,0.417,F3V,18.463696,1
9.26,16.85,1.07,0.831,G6IV/V,20.393,1
9.72,14.49,1.48,0.845,K0V,20.525341,1
7.6,5.91,1.04,1.064,G8IV,16.457937,1
4.83,35.33,0.82,0.421,F5IV,17.570717,1
8.44,0.55,0.8,1.404,K3III,12.141813,0
5.96,22.42,0.67,0.419,F5V,17.713177,1
8.01,10.62,1.46,0.406,F3/F5V,18.140623,1
9.26,4.77,1.17,0.448,F3/F5V,17.652592,1
6.77,2.53,0.76,-0.073,B8III,13.785603,0
7.58,5.31,0.82,1.037,K0III,16.205473,0
7.97,3.15,1.07,1.086,K0III,15.461553,0
9.17,1.78,1.37,1.029,K1III,15.4221,0
7.27,3.9,0.94,1.129,K2III,15.225323,0
8.26,4.76,1.11,1.038,K0III,16.648035,0
7.66,4.79,1.02,1.034,K0III,16.061678,0
8.97,0.13,0.88,1.724,M1III:,9.539717,0
9.01,-0.21,0.93,1.518,M2/M3III,10.621097,0
9.27,5.71,1.0,1.03,K1IV,18.05318,1
8.76,4.56,1.32,0.508,F5V,17.054825,1
8.85,2.06,0.78,-0.126,B5V,15.419336,1
5.97,3.63,0.84,1.491,K4III,13.769533,0
9.41,4.88,1.29,0.947,K0IV,17.852098,1
9.08,2.81,1.3,1.032,K0III,16.323532,0
7.88,5.78,1.04,0.383,F0V,16.68964,1
9.35,-0.6,1.67,1.458,K3V:,13.240757,1
5.54,29.58,1.42,0.347,F0V,17.894993,1
6.24,2.43,0.9,1.424,K4III,13.168032,0
8.26,2.64,0.96,1.392,K2III,15.36802,0
7.92,6.42,0.66,0.621,F8V,16.957676,1
10.11,-0.07,1.52,0.32,B5II,9.335489,0
8.74,1.81,1.25,0.98,G8III,15.028393,0
9.2,0.5,1.13,0.931,G8/K0III,12.694849,0
7.73,8.67,0.92,0.461,F5III,17.420095,0
7.38,0.72,0.93,1.197,K1III,11.666662,0
8.99,10.03,1.16,0.647,G2IV/V,18.996504,1
7.81,4.32,1.96,1.082,G8V,15.987419,1
4.96,4.79,0.74,-0.068,B8III,13.361678,0
9.01,10.94,1.24,0.56,F7V,19.205086,1
8.15,1.43,0.72,1.248,K2III,13.92668,0
5.63,100.24,0.68,0.804,K0V,20.635204,1
8.91,3.28,1.2,0.502,F5V,16.489368,1
7.67,3.52,0.8,0.983,K0III,15.402714,0
7.91,2.52,0.74,1.0,K0III,14.917003,0
8.44,2.84,1.06,1.15,K1III,15.706592,0
7.97,16.31,0.82,0.552,G0IV/V,19.032269,1
8.19,2.95,0.66,0.073,A1V,15.53911,1
8.79,1.05,1.26,1.168,K1III,13.8959465,0
8.16,1.93,0.74,1.459,K3III,14.587786,0
8.81,-0.12,1.1,1.216,K1/K2II,9.205907,0
8.97,6.48,1.22,0.595,G3V,18.027874,1
6.0,10.75,0.71,1.142,K1IIICN...,16.157042,0
6.07,5.85,0.79,1.535,M0III,14.905779,0
8.36,3.32,1.08,1.158,K0III,15.965691,0
7.58,0.57,0.91,1.644,M1III,11.359374,0
8.78,4.9,1.73,0.474,F5V,17.23098,1
9.2,1.32,1.19,1.652,M1III,14.80287,0
9.35,26.92,1.21,0.951,K1V,21.500376,1
8.92,11.51,1.3,0.495,F5V,19.225376,1
7.93,7.28,0.97,0.436,F2V,17.240656,1
9.95,6.12,1.62,0.476,F5/F6V,18.883757,1
8.13,4.62,1.0,0.999,K0III,16.453209,0
6.22,4.5,0.73,0.97,G7II-III,14.486063,0
8.99,1.59,1.53,0.979,G8III/IV,14.996985,1
9.36,8.38,2.39,0.547,F7V,18.97622,1
7.91,5.53,0.62,0.314,F0III/IV,16.623627,1
8.79,5.53,1.12,0.333,F0V,17.503626,1
9.55,4.78,1.13,0.473,F5V,17.94714,1
6.97,5.66,0.78,1.163,K2IIICN...,15.734081,0
6.6,4.92,0.6,1.085,K0III,15.059826,0
8.11,5.9,1.04,0.906,G8III/IV,16.96426,1
8.89,5.21,1.14,0.402,F2V,17.47419,1
9.73,2.7,1.52,0.476,F5V,16.886818,1
6.23,1.42,0.84,-0.036,B9.5III,11.991442,0
9.22,5.18,1.48,0.537,F7V,17.791649,1
8.49,6.86,1.19,0.38,F0V,17.67162,1
8.89,5.75,2.28,0.991,G8III,17.68834,0
7.94,13.98,0.87,0.407,F3V,18.667538,1
7.51,4.76,0.98,1.473,K4V,15.898035,1
9.53,5.26,1.39,0.94,G8IV,18.13493,1
8.02,1.24,1.03,1.521,K3/K4III:,13.487109,0
6.72,5.63,0.57,0.394,F2/F3III,15.472542,0
8.28,11.59,0.92,0.476,F5V,18.600418,1
10.12,4.68,1.27,0.459,F3/F5IV/V,18.47123,1
7.03,12.7,0.8,0.34,F0IV,17.549019,1
9.64,6.65,1.57,1.012,K0/K1IV:,18.754108,1
6.26,6.95,1.01,0.965,G8II,15.469924,0
6.37,9.42,0.79,1.006,K0III,16.240253,0
9.79,10.73,1.65,0.545,G2V,19.942997,1
5.88,6.0,0.77,-0.014,A0IV,14.770757,1
7.62,13.2,0.93,0.465,F5V,18.22287,1
8.91,5.49,1.11,0.813,G6/G8V,17.60786,1
8.33,8.07,1.26,0.554,F7IV,17.864368,1
6.75,4.87,0.84,0.996,K0III,15.187645,0
9.29,3.85,1.32,0.588,GIII:+...,17.217304,0
7.28,6.82,0.99,1.168,K2III,16.448921,0
6.43,3.23,0.86,1.595,M0III,13.976012,0
8.95,1.38,1.02,1.549,K3III,14.649395,0
8.42,7.13,1.06,0.425,F2V,17.685448,1
8.57,2.24,1.02,1.459,K3III,15.321239,0
7.48,6.68,1.41,0.949,G8IV...,16.603882,1
9.34,3.04,1.45,0.856,G5III,16.754368,0
6.77,11.85,0.88,0.328,F0Vn,17.138592,1
8.28,6.03,1.08,0.473,F0III,17.181587,0
8.4,3.24,0.74,1.04,K0III,15.952724,0
9.58,8.28,1.33,0.547,F8/G0V,19.17015,1
8.82,15.28,1.18,0.602,G1V,19.740618,1
9.02,1.57,1.36,1.096,K0III,14.999499,0
7.11,8.54,0.77,0.997,K0III/IV,16.76729,1
8.55,34.04,0.86,0.854,K3V,21.20995,1
5.96,4.68,0.53,1.397,K3III,14.31123,0
4.34,23.73,0.68,0.17,A7Vvar,16.216488,1
8.42,4.44,0.95,0.472,F3/F5V,16.656914,1
8.56,4.13,0.96,0.446,F3V,16.639751,1
9.95,0.6,1.66,0.251,B8V,13.840756,1
9.06,0.28,0.76,1.433,K3III,11.29579,0
5.37,6.4,0.78,1.517,K4III,14.4009,0
8.17,2.8,0.98,1.11,K0III,15.40579,0
8.73,5.51,0.84,0.563,F7IV,17.435757,1
9.06,4.63,1.4,0.513,F6V,17.387905,1
7.53,2.45,0.87,1.419,K3III,14.47583,0
7.04,7.5,0.84,1.06,K1III,16.415306,0
7.78,20.49,0.81,0.641,G1/G2IV/V,19.337711,1
7.73,19.78,0.87,0.537,G0V,19.211132,1
8.75,1.62,1.07,0.756,G8IV,14.797575,1
9.48,6.33,1.54,0.395,F2/F3V,18.487019,1
7.07,5.15,0.82,0.99,G6III,15.629036,0
8.65,6.41,1.3,0.431,F3V,17.68429,1
8.9,4.7,1.3,0.576,G1V,17.26049,1
8.28,2.63,0.75,0.912,G6III,15.379778,0
5.83,6.48,0.58,1.042,G9III-IV,14.887875,1
8.74,6.25,1.07,0.556,F8IV,17.7194,1
8.24,1.92,1.02,0.926,K0III,14.656506,0
8.04,10.74,1.07,0.53,F8IV-V,18.195023,1
9.1,4.65,1.28,1.241,K2III,17.437265,0
8.18,4.01,0.97,0.096,A1V,16.195723,1
7.6,9.44,1.08,0.492,F6V,17.47486,1
6.04,1.31,0.63,1.88,K5Ib,11.626356,0
8.41,5.88,0.88,0.341,F0V,17.256886,1
9.33,-0.37,1.5,0.432,B8V,12.171009,1
5.9,0.89,0.58,0.274,A1III,10.64695,0
9.15,6.8,1.92,0.987,G8/K0III,18.312544,0
8.87,8.34,4.64,0.43,F2V,18.47583,1
8.59,-0.22,0.76,1.781,M0IIIvar,10.302114,0
8.96,5.2,1.26,0.611,G2V,17.540016,1
8.98,7.41,1.12,0.443,F2/F3V,18.32909,1
7.69,2.97,1.11,1.45,K4III,15.0537815,0
7.43,0.99,2.18,0.09,B7V,12.408176,1
9.07,5.36,1.15,0.488,F5V,17.715824,1
8.73,4.91,1.22,0.344,F0/F2IV,17.185408,1
8.13,3.23,1.26,1.001,K0III,15.676012,0
9.59,9.63,2.94,0.737,G5V,19.508133,1
9.32,4.82,1.18,0.511,F5V,17.735235,1
6.05,16.13,0.52,0.338,F0III,17.088173,0
7.83,4.04,0.71,0.173,A4V,15.861907,1
3.99,10.84,0.79,1.554,K5/M0III,14.165147,0
9.63,1.3,1.82,0.385,F0V,15.199717,1
5.74,5.08,0.58,0.898,G8III,14.269319,0
8.2,13.95,1.02,0.525,F7V,18.92287,1
8.72,5.64,1.2,0.267,A2III,17.476395,0
5.59,0.94,0.64,0.325,B8Ib,10.455639,0
6.02,4.52,0.69,-0.042,B5III,14.295692,0
9.51,0.44,1.47,-0.08,B8/B9V,12.727263,1
9.21,7.62,1.3,0.404,F2V,18.619774,1
8.52,2.2,1.24,1.084,K1III,15.232114,0
8.06,2.79,0.95,1.03,G5II,15.288021,0
8.34,2.65,0.75,1.268,K2III,15.45623,0
8.84,4.32,0.97,1.202,K2III,17.017418,0
8.74,3.29,1.14,0.892,G8III,16.32598,0
9.85,7.81,1.57,0.583,G0V,19.313255,1
8.45,3.35,1.07,0.045,A1Vvar,16.075224,1
8.47,6.57,1.1,0.337,F0V,17.557827,1
8.55,-0.47,1.07,0.931,G8II/III,11.91049,0
7.87,4.97,0.99,1.061,K0III,16.35178,0
9.45,9.38,1.24,0.566,F8V,19.311012,1
8.96,7.19,1.2,0.483,F5V,18.243645,1
8.59,2.45,1.19,1.033,K0III,15.5358305,0
8.26,4.52,1.02,1.14,K1III,16.535692,0
5.96,9.89,0.88,0.851,G5V...,15.935982,1
9.47,1.88,1.11,0.981,G6/G8IV,15.84079,1
6.59,3.54,0.73,-0.03,A0III,14.335016,0
8.12,4.45,0.85,0.436,F0III,16.361801,0
9.13,12.93,1.4,0.652,G5V,19.687992,1
9.26,3.98,1.36,0.433,F3V,17.259415,1
8.34,6.18,0.83,0.386,F2IV,17.294943,1
8.55,2.13,1.75,0.98,G8III,15.191898,0
7.53,2.53,0.78,1.017,K0III,14.545603,0
8.95,4.78,1.15,0.392,F3V,17.34714,1
9.63,12.73,1.69,0.827,K1IV,20.15414,1
9.08,1.28,1.27,1.453,M3III,14.61605,0
9.45,0.17,1.18,1.361,K2/K3IV,10.602244,1
0.45,22.68,0.57,-0.158,B3Vp,12.228215,1
6.71,6.94,0.71,1.109,K1III,15.916798,0
2.4,42.14,0.78,1.083,K0III...,15.523474,0
8.08,3.8,0.75,1.242,K3IIICN...,15.978918,0
7.72,8.2,1.03,0.416,F3V,17.289068,1
9.53,7.31,1.24,0.54,F7V,18.849586,1
7.14,0.95,0.89,1.575,M0III,12.028618,0
8.55,7.02,0.73,0.347,F0IV/V,17.781685,1
6.75,7.5,0.92,1.127,K1II,16.125305,0
9.63,7.02,1.47,0.586,G0V,18.861687,1
7.55,9.73,0.98,1.0,K1III,17.490564,0
9.85,1.65,1.35,1.176,K2III:,15.93742,0
9.11,1.3,0.93,1.221,K2III,14.679716,0
8.94,7.97,1.03,0.676,G5VCN...,18.447292,1
8.13,3.87,0.74,1.527,K4III,16.068554,0
7.9,4.02,0.96,1.198,K1III,15.921131,0
8.53,4.31,1.2,1.379,K3III,16.702385,0
5.45,2.45,0.68,1.644,K5III,12.39583,0
8.59,1.54,1.23,1.222,K2III,14.527604,0
9.7,5.97,1.38,0.893,G8V,18.579872,1
8.1,13.04,1.11,0.595,F6V,18.67639,1
8.21,3.67,1.12,1.013,G8III,16.033329,0
7.06,5.77,0.86,1.52,K5III,15.865879,0
7.29,5.38,0.95,1.064,K0III,15.943912,0
9.36,2.07,1.2,0.502,F6IV/V,15.939852,1
7.59,-1.31,0.89,0.309,B5Ib,13.176357,0
6.92,1.47,0.61,1.571,M4III,12.756587,0
9.26,8.64,1.41,0.788,G8IV/V,18.94257,1
9.21,1.13,0.94,1.074,K0III,14.475392,0
7.69,5.21,0.98,0.354,A9III,16.274189,0
8.57,9.21,1.08,0.463,F5V,18.391298,1
6.48,5.16,0.8,0.122,A3V,15.043249,1
8.56,3.58,1.67,1.132,K1IIICN...,16.329416,0
9.18,-0.43,1.49,1.169,K2III,12.3473425,0
8.18,9.48,1.05,0.487,F7IV,18.064041,1
8.58,3.38,1.29,1.535,M2III,16.224583,0
7.86,3.81,0.92,0.941,G8III,15.764626,0
8.14,0.92,1.07,1.599,K5III,12.95894,0
3.46,27.73,0.71,1.161,K2III,15.674748,0
8.62,11.34,1.07,0.587,G0V,18.893066,1
8.38,2.3,1.11,1.298,K2III,15.188639,0
8.34,4.54,1.23,1.085,K1III,16.625278,0
4.44,6.62,0.82,1.64,M1III,13.544291,0
7.97,6.1,0.74,1.077,K0III,16.896648,0
8.69,7.03,0.77,0.969,K1III,17.924776,0
8.48,2.67,0.84,1.199,K2III,15.612556,0
8.11,4.94,0.91,0.144,A2/A3V,16.578636,1
7.21,7.86,1.07,1.087,K0III,16.687113,0
9.14,3.28,1.34,1.127,K1III,16.71937,0
7.44,2.71,0.82,1.654,M1/M2III,14.604847,0
9.23,0.84,1.2,1.154,K1III,13.851397,0
8.09,8.59,0.67,0.454,F6IV/V,17.759966,1
8.23,2.72,1.01,1.294,K2/K3III,15.402843,0
7.95,11.36,1.08,0.818,G8IV,18.22689,1
9.1,2.38,1.28,1.13,G8IIICN...,15.982885,0
8.68,9.91,1.15,0.45,F2V,18.66037,1
8.12,18.95,0.99,0.661,G3V,19.508045,1
8.16,7.28,0.99,0.488,F2/F3V,17.470657,1
8.55,4.38,1.15,0.692,G3V,16.75737,1
7.57,10.89,0.82,0.43,F3V,17.755138,1
9.4,2.85,1.36,1.108,G8III,16.674225,0
7.61,4.53,0.86,0.968,G4III,15.8904915,0
6.81,8.31,0.93,1.225,K2III,16.408005,0
7.83,6.34,1.89,1.074,K0/K1IV,16.840446,1
9.34,15.19,1.43,0.655,G5V,20.247787,1
7.88,21.66,1.22,0.579,F8/G0V,19.558292,1
7.52,1.9,0.9,1.211,K2III,13.913769,0
9.13,6.73,1.26,0.526,F5V,18.270077,1
4.74,10.49,0.77,0.032,A3V,14.843876,1
8.64,1.8,0.96,1.288,M6III,14.916363,0
8.52,0.77,1.09,1.585,M1III,12.952454,0
8.37,20.73,0.7,0.656,G5V,19.952995,1
8.56,4.7,0.79,0.241,A4III,16.92049,0
10.19,5.52,1.33,0.528,F8/G0V,18.899696,1
6.16,6.71,1.23,0.893,G8III,15.2936125,0
9.34,1.84,1.04,1.095,K1III,15.664089,0
6.44,4.05,0.87,1.608,M2III,14.477276,0
6.75,4.35,0.77,1.14,G8III,14.942446,0
8.7,10.52,0.76,0.427,F3V,18.810078,1
8.62,4.21,0.83,1.248,K2III,16.74141,0
6.93,2.04,0.85,1.596,M4III,13.478151,0
6.52,14.39,0.66,0.214,A5Vn,17.310305,1
8.65,4.33,1.16,0.061,A1V,16.83244,1
6.33,13.67,0.62,0.113,A2Vnn,17.008842,1
9.17,5.19,1.51,0.546,F5V,17.745836,1
8.02,7.52,0.69,0.349,F0III/IV,17.401089,1
10.44,1.29,1.77,0.34,A1V,15.992949,1
7.38,4.12,0.91,0.996,K0III,15.454486,0
7.82,2.43,0.71,0.182,A5V,14.748032,1
6.03,24.72,0.54,0.382,F2V,17.995241,1
9.02,2.36,1.09,0.947,K0III,15.88456,0
9.46,1.28,1.41,0.94,G6/G8III/IV,14.99605,1
6.3,3.4,0.83,1.34,K2III,13.957395,0
6.01,25.71,1.73,0.549,F7V+...,18.06051,1
8.63,4.42,1.32,1.194,K1/K2III/IV,16.857111,1
9.22,2.87,1.09,0.993,K0III,16.50941,0
7.56,5.48,1.03,1.14,K1III,16.253902,0
5.63,12.15,0.87,0.214,A9IV:,16.05288,1
8.64,-0.2,1.34,1.219,K2III,10.14515,0
6.89,5.9,0.84,1.03,K1III,15.744261,0
6.62,4.63,2.36,0.478,A7/8V + G,14.947905,1
6.85,8.21,0.91,1.028,G8III,16.421715,0
8.53,6.13,0.69,0.848,G8V,17.467302,1
7.72,7.74,0.91,0.701,F8V,17.163704,1
7.88,5.3,0.81,0.72,G3IV/V,16.501379,1
8.74,3.12,1.02,0.349,F2IV/V,16.210773,1
7.88,22.7,0.99,0.716,G5V,19.66013,1
8.54,2.5,1.15,1.31,K2III,15.5297,0
8.69,8.41,1.32,0.575,G3V,18.31398,1
6.82,5.58,0.67,0.962,G8III,15.553171,0
7.62,2.53,0.89,1.56,K5III...,14.635603,0
8.34,5.97,1.0,0.973,K0IIICN...,17.219872,0
6.88,0.22,0.99,1.631,M1III,8.5921135,0
7.99,8.04,0.7,0.907,K0III,17.516281,0
6.57,6.49,0.88,0.921,K0III,15.631224,0
6.59,8.71,0.86,1.102,K2III,16.29009,0
7.94,11.59,0.91,0.383,F0III,18.260418,0
7.78,9.33,1.68,0.459,F5/F6V,17.629408,1
10.42,1.86,2.08,0.509,F3/F5V,16.767565,1
11.54,21.7,3.39,1.34,K7V:,23.222298,1
7.91,2.65,1.01,1.23,K1III,15.02623,0
7.17,5.08,0.79,1.352,K4III,15.699319,0
9.05,4.72,0.91,0.491,F5V,17.41971,1
8.28,5.82,1.28,0.902,G8III/IV,17.104614,1
8.78,9.04,1.83,0.9,K2III:,18.56084,0
9.42,32.77,1.71,1.163,K4III,21.997383,0
4.26,4.43,0.8,0.012,B7III,12.49202,0
9.16,7.35,1.28,0.504,F5V,18.491436,1
5.13,7.98,0.71,-0.128,B7III-IV,14.640015,1
8.53,20.29,0.93,0.705,G6V,20.06641,1
9.51,1.2,1.35,1.2,K1/K2III:,14.905907,0
7.39,13.03,0.69,0.397,F2/F3IV/V,17.964722,1
8.53,0.3,0.86,1.315,K3II/III,10.9156065,0
8.3,1.75,1.01,1.171,K1/K2III,14.51519,0
9.23,8.23,0.88,0.633,F7V,18.807,1
8.78,0.42,1.36,1.315,K1III,11.896246,0
9.41,4.25,1.36,1.31,K2/K3III:,17.551945,0
6.91,3.69,0.8,1.123,K0III,14.7451315,0
5.72,3.82,0.92,1.545,M0III,13.630318,0
8.07,5.78,0.7,0.328,F0II/III,16.879639,0
9.03,4.74,0.88,1.096,K1III,17.408892,0
8.93,16.39,1.48,0.677,G5V,20.002895,1
7.08,4.11,0.94,1.641,M0III,15.149209,0
4.66,42.35,0.87,0.333,F3III,17.794268,0
6.97,3.21,0.6,1.377,K3III,14.502525,0
10.1,8.64,2.25,0.67,G8V,19.78257,1
8.74,-0.73,1.49,1.021,G8III/IV,13.056614,1
8.26,0.97,1.15,1.113,K1/K2III,13.193859,0
7.6,1.47,0.84,0.101,B8III,13.436586,0
9.73,10.37,2.67,0.773,G8V,19.808893,1
9.22,4.29,0.87,0.627,G1IV,17.382286,1
8.27,3.84,1.11,1.087,K0III,16.191658,0
9.31,13.63,1.25,0.733,G8IV/V,19.98248,1
8.57,6.08,1.18,0.301,A8V,17.489517,1
7.66,9.2,0.84,0.308,A8IV+...,17.47894,1
6.58,3.84,0.75,0.021,B9V,14.501657,1
7.41,-0.08,0.94,1.52,K5II,6.92545,0
7.26,5.48,0.82,1.061,K0III,15.953903,0
9.25,7.58,1.17,0.3,A3II/IIIp..,18.648346,0
5.66,4.29,0.7,-0.113,B5V...,13.822287,1
9.69,7.74,0.95,0.72,G2V:,19.133705,1
6.92,4.14,0.8,1.383,K3III,15.005002,0
8.48,0.95,1.03,1.461,K1V,13.368618,1
9.93,4.25,2.39,0.539,G2V,18.071945,1
7.48,1.23,0.94,1.614,K5III,12.929525,0
6.11,6.65,0.52,0.265,A7IV,15.224108,1
5.51,27.55,0.74,0.321,F0V,17.71061,1
6.99,1.37,0.82,1.625,K5III,12.673603,0
7.99,2.83,0.91,1.58,M1III,15.248932,0
9.27,2.77,1.26,1.007,K1III,16.482399,0
8.15,5.91,0.96,0.029,A1V,17.007938,1
9.56,9.64,1.47,0.61,G3V,19.480385,1
8.86,10.31,1.31,0.575,G2V,18.926292,1
5.3,9.47,0.81,0.891,G8III,15.18175,0
9.03,1.65,1.2,0.972,G8IV,15.11742,1
8.68,2.26,1.35,1.238,K1/K2III,15.450542,0
8.54,1.94,0.91,1.618,M0III,14.979009,0
8.25,4.25,1.14,0.38,F3III,16.391945,0
9.71,0.87,1.53,0.915,G8IV/V,14.407597,1
8.21,1.61,1.24,1.059,K1III...,14.244129,0
7.25,9.84,0.87,0.84,G8IV,17.214975,1
9.98,0.82,1.84,0.439,F3V,14.549068,1
7.39,1.3,0.84,1.579,M3III,12.959717,0
9.67,4.54,1.32,0.43,F2V,17.95528,1
9.54,8.02,2.04,0.6,G3V,19.060871,1
8.68,10.95,0.9,0.463,F5V,18.877071,1
6.1,7.42,0.79,1.028,K2III,15.452019,0
9.33,3.04,1.37,0.977,G8III,16.744368,0
8.47,2.37,1.2,2.155,M2Iab,15.343742,0
7.98,3.78,1.05,1.061,K0III,15.867458,0
6.52,6.46,0.86,0.987,K0III,15.571163,0
8.57,22.9,0.93,0.695,G6V,20.369179,1
9.68,6.87,1.5,0.455,F2IV/V,18.864784,1
7.89,0.97,0.93,0.457,B3Ia,12.823858,0
9.37,8.68,0.99,0.581,F7V,19.0626,1
10.06,46.22,4.48,1.365,K7V,23.384151,1
9.2,3.16,1.23,1.23,K2/K3III,16.698435,0
9.04,4.73,0.94,0.47,F5V,17.414307,1
5.55,6.56,0.71,1.262,K1III,14.63452,0
8.93,0.81,0.91,1.573,K3/K4III,13.472425,0
8.71,2.73,1.34,1.106,K1III,15.890814,0
7.0,9.36,0.88,0.534,F7IV,16.856379,1
8.88,6.17,1.24,0.605,F8V,17.831425,1
7.11,4.93,0.59,1.187,K1/K2III,15.574234,0
7.94,0.44,0.77,1.435,K4III,11.157263,0
5.53,5.84,0.61,1.615,M2III,14.362064,0
6.82,-0.52,0.79,1.151,G2Ib,10.400017,0
8.01,1.79,0.95,1.525,M3III,14.274265,0
8.92,1.42,1.22,1.093,K0III,14.681442,0
8.34,3.86,2.85,0.158,B9IV,16.272938,1
9.1,1.71,1.01,1.438,K3III:,15.26498,0
9.02,3.93,1.23,1.003,G8/K0IVp...,16.991962,1
8.99,6.21,1.28,0.548,F7V,17.955458,1
6.97,3.08,0.71,1.52,K7Iab:,14.412753,0
9.28,4.91,1.26,0.569,G0V,17.735409,1
8.12,4.8,0.97,0.93,K1III...,16.526207,0
6.69,7.47,0.81,0.999,K0III,16.056602,0
10.23,10.07,1.85,0.786,G6/G8V:,20.245146,1
8.56,4.15,0.88,0.095,A0V,16.650242,1
8.09,3.38,1.13,1.125,K1IIICN...,15.734584,0
9.09,7.24,1.33,0.722,G5V,18.388693,1
9.15,27.05,1.23,0.887,K2V,21.310837,1
7.92,20.24,1.19,0.991,K0IV,19.451054,1
7.66,20.44,0.96,0.741,G5IV,19.212406,1
8.21,1.93,0.87,1.565,M0/M1III,14.637787,0
10.21,4.21,1.64,0.628,G3/G5V,18.33141,1
8.84,1.79,0.84,1.496,K5III,15.104265,0
5.94,10.57,0.72,0.975,K0III,16.060375,0
8.47,8.4,1.63,0.407,F0V,18.091396,1
9.33,6.77,1.38,0.48,F3/F5V,18.482944,1
8.13,8.41,0.8,0.471,F3/F5V,17.753979,1
8.28,2.6,0.94,1.032,G9III,15.354866,0
7.66,1.53,0.99,1.405,K3III,13.583457,0
9.27,3.45,0.98,1.065,K0III,16.959095,0
7.0,20.28,0.82,0.545,F7V,18.53534,1
9.02,2.37,1.23,0.958,G8III,15.893742,0
6.42,4.7,0.87,1.241,K0IV,14.78049,1
8.88,1.24,1.13,0.428,F2V,14.347109,1
9.23,6.04,0.96,0.508,F5V,18.135185,1
9.32,1.27,0.9,-0.154,B5III,14.839018,0
8.25,6.94,1.03,0.927,K0III,17.456799,0
9.6,7.92,1.55,0.549,G0V,19.093626,1
8.56,2.27,1.05,1.134,K1/K2III,15.34013,0
7.04,2.9,0.84,1.428,K4III,14.35199,0
8.2,0.25,1.18,1.308,K2/K3III,10.189699,0
9.28,1.4,1.24,0.16,B8III,15.01064,0
5.51,27.84,0.88,0.334,F0III-IV,17.733347,1
8.22,9.24,0.74,0.52,G0V,18.048359,1
9.07,8.41,1.26,0.502,F8IV,18.69398,1
6.21,3.89,0.82,1.482,M0III,14.159748,0
7.91,0.86,0.65,1.131,G8III,12.582492,0
7.95,7.46,1.15,0.317,F0IV/V,17.313694,1
8.67,2.2,1.11,1.144,K0III,15.382113,0
8.53,15.24,0.79,0.647,G5V,19.444923,1
8.94,4.65,1.15,1.532,M6III,17.277264,0
8.88,2.54,1.01,0.0,A1V,15.904169,1
8.05,8.64,0.75,1.072,K1III,17.732569,0
8.12,2.36,0.94,1.496,M0III,14.98456,0
8.58,7.86,1.11,0.417,F2IV/V,18.057114,1
7.17,27.36,0.93,0.593,G0V,19.355581,1
8.26,2.2,0.8,1.579,K5/M0III,14.972114,0
9.11,7.26,1.3,0.458,F5IV/V,18.414684,1
7.83,6.13,0.98,0.918,G8III,16.767303,0
8.94,2.91,1.22,1.137,K2III,16.259464,0
6.49,1.1,0.68,0.776,A6Iab,11.696963,0
11.14,1.86,2.09,0.041,A0V,17.487564,1
9.2,8.8,0.9,0.573,G0V,18.922413,1
9.11,6.69,0.9,0.753,G5V,18.23713,1
8.98,0.78,1.4,1.6,K5/M0III,13.440473,0
8.9,2.69,0.84,1.15,K0III,16.048761,0
8.97,13.64,1.3,0.564,F7V,19.644072,1
6.8,0.49,0.71,2.02,M2II:,10.25098,0
10.17,2.69,1.46,0.472,F3IV/V,17.318762,1
8.56,-2.25,1.22,1.477,K3III,15.320913,0
9.33,1.86,1.32,0.488,F5V,15.677565,1
3.74,12.59,0.85,1.136,K2III,14.240128,0
8.17,3.12,1.01,1.048,K0III,15.640773,0
8.43,3.65,0.75,0.616,F7IV,16.241465,1
9.35,3.19,1.39,0.36,F0V,16.868954,1
8.3,0.39,1.06,0.382,B0.5III,11.255323,0
8.33,2.81,1.11,1.099,K0III,15.573532,0
8.82,1.43,1.26,1.311,K2III,14.59668,0
6.32,26.59,0.85,0.517,F7V,18.443592,1
8.75,2.49,0.83,1.252,K2IIICN...,15.730997,0
8.54,4.59,1.04,0.23,A7V,16.849064,1
7.62,4.76,0.94,1.148,K0III,16.008034,0
10.06,3.8,1.02,0.716,F8IV/V,17.95892,1
9.74,8.67,1.46,0.569,G0V,19.430096,1
8.4,3.45,0.79,0.977,G8III,16.089096,0
8.01,1.03,1.19,1.073,K0III,13.074186,0
9.66,14.15,1.66,0.684,G5V,20.413782,1
8.62,3.35,1.19,0.124,B9III,16.245224,0
8.09,1.91,1.16,1.304,K3III,14.495167,0
9.08,1.56,0.89,1.031,G8III/IV,15.045623,1
9.93,-0.02,1.58,1.054,F6Ib-G2Ib,6.43515,0
7.97,10.51,1.04,0.376,A9II,18.078012,0
9.5,6.19,1.32,0.54,F7V,18.458454,1
6.95,7.17,0.84,1.06,K0III-IV,16.227596,1
8.3,14.6,0.75,0.619,G0V,19.121765,1
12.23,35.36,30.29,1.436,K7V:,24.97256,1
9.46,4.77,1.47,0.944,G8/K0III,17.852592,0
7.86,3.85,0.96,1.153,G8III,15.787304,0
7.39,5.17,0.92,1.077,K0III,15.957453,0
8.86,6.03,1.27,0.348,A7V,17.761585,1
8.08,2.94,1.11,0.221,B1:V:pe,15.421737,1
8.79,4.21,1.16,1.127,K2III,16.911411,0
8.96,2.42,1.13,1.445,K3III,15.879077,0
8.44,7.04,1.3,0.533,F7V,17.677864,1
8.51,14.57,5.84,0.64,G3V,19.327297,1
8.93,2.39,1.34,0.956,G8/K0IV,15.82199,1
5.7,13.25,0.71,1.005,K0IV,16.311077,1
6.99,1.98,0.75,1.59,M3III,13.473326,0
8.91,-0.02,1.11,0.996,G8/K0III,5.4151497,0
7.99,5.68,1.9,0.475,F5V,16.761742,1
8.78,3.5,1.02,0.576,F6V,16.50034,1
6.19,5.64,0.75,1.546,M4III,14.946396,0
8.55,3.72,0.9,1.012,K0III,16.402714,0
8.19,1.79,0.99,1.08,K1III,14.454265,0
8.69,1.91,1.17,0.256,B2III,15.095167,0
6.13,4.67,0.77,1.652,M1III,14.476584,0
9.15,10.22,1.32,0.483,F6V,19.197254,1
8.74,4.71,1.25,0.4,F2V,17.105104,1
8.67,12.22,1.1,0.7,G5V,19.105356,1
6.28,13.74,0.98,0.763,G3IV,16.969934,1
6.52,7.17,0.78,1.05,K1III,15.797596,0
7.35,7.21,0.93,0.505,F8V,16.639675,1
9.78,-0.95,1.96,0.504,F6V,14.668617,1
9.06,11.76,1.09,0.586,G2V,19.412037,1
8.36,16.71,0.99,0.591,G0V,19.474882,1
6.66,12.9,0.9,0.457,F3/F5V,17.212948,1
7.36,4.54,1.0,1.029,K0III,15.645279,0
9.32,7.66,1.38,0.546,F7V,18.741142,1
7.5,13.52,1.04,0.461,F5V,18.154884,1
5.24,13.06,0.59,0.356,F2III,15.8197155,0
9.6,1.52,1.75,0.496,F5/F6V,15.509218,1
9.89,7.72,1.63,0.609,G0V,19.328087,1
9.53,3.89,1.42,1.203,K1/K2III:,17.479748,0
8.46,7.55,1.08,0.438,F3V,17.849735,1
9.34,10.46,1.33,0.695,G5V,19.437658,1
9.09,14.06,1.33,0.617,G2/G3V,19.829927,1
9.21,4.86,1.38,0.784,G6V,17.64318,1
7.37,5.52,0.93,0.955,G8II-III,16.079697,0
6.92,1.12,0.62,2.04,K2Ib-II,12.16609,0
8.94,3.23,1.58,0.801,K1:III+...,16.486012,0
4.68,15.96,0.68,0.991,K0III,15.695166,0
8.96,5.89,1.34,0.503,F5V,17.810577,1
9.54,4.08,1.99,1.374,K2III:,17.5933,0
6.35,5.28,0.96,-0.044,B9Vn,14.963169,1
8.94,6.56,1.21,1.016,K1III,18.024519,0
7.42,10.16,0.93,0.362,F3IV-V,17.454468,1
8.35,3.77,0.86,1.004,G6III,16.231709,0
7.77,1.25,1.01,1.604,K5III,13.25455,0
8.57,2.61,1.09,0.934,G5III,15.653202,0
7.34,0.57,1.01,1.474,K3III,11.119374,0
6.51,0.95,0.92,1.864,M2III:,11.398619,0
9.38,5.23,0.93,0.478,F3V,17.972507,1
8.27,7.54,0.79,0.879,K0IV,17.656857,1
9.08,6.53,1.26,0.315,A9IV/V,18.154566,1
8.02,2.81,0.78,1.223,K2III,15.263533,0
9.04,8.65,2.57,0.607,K1/2III: +F,18.725079,0
9.67,1.73,1.42,0.532,F5V,15.86023,1
7.86,4.29,0.96,1.02,K0III,16.022287,0
8.84,17.08,1.86,0.833,K1V,20.00244,1
4.86,5.95,0.72,1.634,M2/M3III,13.732584,0
7.86,5.02,0.94,1.012,G8III-IV,16.36352,1
9.35,7.85,2.32,0.244,B9III,18.824348,0
6.47,5.77,0.61,-0.049,B9III,15.275879,0
3.56,11.26,0.73,1.214,K2III,13.817692,0
9.17,1.2,1.36,0.993,K0III,14.565907,0
2.66,32.81,0.62,0.16,A5Vv SB,15.240031,1
8.25,20.84,0.88,0.646,G3V,19.844488,1
7.32,23.18,0.92,0.622,G0V,19.145567,1
9.26,1.99,1.57,1.149,K0III,15.754266,0
9.18,16.84,1.28,0.679,G6V,20.31171,1
9.27,6.92,2.51,0.61,G1V,18.470531,1
8.49,9.73,1.5,0.614,G0V,18.430565,1
7.39,2.05,0.68,-0.013,B2V,13.948769,1
8.4,1.68,1.18,1.166,K1III/IV,14.5265465,1
6.82,11.33,0.89,0.257,A7III,17.09115,0
7.65,1.16,0.67,1.503,K4III,12.97229,0
10.74,28.69,3.28,1.101,K8V:,23.028652,1
6.68,5.13,0.79,0.986,G9III,15.230587,0
8.42,4.14,1.05,1.005,G8III,16.505001,0
9.29,3.41,0.91,1.096,K1/K2III,16.953772,0
8.66,1.39,1.1,1.507,K5III,14.375074,0
7.36,12.53,0.72,0.36,F2V,17.849754,1
9.15,3.18,0.94,1.438,K2/K3III,16.662136,0
7.42,15.9,0.97,0.51,F6V,18.426987,1
7.9,2.77,0.89,1.157,K1III,15.1124,0
8.04,4.6,1.05,1.039,G9III-IV,16.35379,1
9.26,5.4,1.5,1.238,K2/K3III:,17.921968,0
5.5,10.65,0.51,-0.046,B9V,15.636747,1
7.72,18.22,0.95,0.62,G0V,19.022741,1
7.17,6.23,0.94,1.002,G8/K0III,16.14244,0
9.75,15.12,1.49,0.814,G8IV,20.647758,1
7.68,3.48,1.04,1.028,K0III,15.387896,0
8.94,5.97,1.42,0.409,F0V,17.81987,1
8.31,7.07,1.19,0.584,F7V,17.557098,1
8.05,1.34,0.85,1.548,K4/K5III,13.685524,0
9.24,9.02,1.07,0.529,F8V,19.016033,1
4.78,16.48,0.8,0.12,A5IV-V,15.864786,1
6.02,12.47,1.28,0.312,F0IV,16.499332,1
7.98,11.12,1.08,0.396,F2V,18.210524,1
8.51,0.58,1.06,0.616,B3Ia,12.32714,0
8.03,7.47,1.0,0.435,F5V,17.396603,1
7.71,7.73,1.13,0.5,F0III/IV+..,17.150898,1
8.49,5.67,0.78,0.426,F2II/III,17.257915,0
8.81,2.72,1.33,1.473,M3II,15.982845,0
7.07,18.84,0.62,0.508,F6V,18.445404,1
8.12,5.83,1.07,1.117,K1III,16.948343,0
9.16,-1.67,1.78,1.045,G8III,15.273582,0
10.3,0.63,1.67,0.254,F0/F2V,14.296703,1
5.45,3.19,0.77,0.886,G5III,12.968954,0
8.57,7.79,1.16,0.874,G8/K0V,18.027687,1
7.55,2.03,0.66,1.227,K2III,14.087481,0
7.73,6.03,0.72,0.33,A9IV,16.631586,1
7.43,16.35,0.66,0.482,F5IV-V,18.49759,1
6.94,2.51,0.64,1.504,K4II/IIICNV:,13.938368,1
6.68,20.41,0.58,0.987,K0IV,18.229216,1
8.75,4.39,1.3,0.44,F2V,16.962322,1
8.5,7.25,1.01,0.593,F8/G0V,17.80169,1
7.86,3.51,0.98,0.059,A3III,15.586536,0
9.27,11.26,1.24,0.652,G2V,19.527693,1
8.38,2.46,1.06,1.1,K1III,15.334676,0
7.71,5.02,0.87,1.038,G8III,16.21352,0
8.14,2.71,0.9,0.972,G8III,15.304847,0
9.07,1.32,1.32,0.97,G8III,14.67287,0
7.62,17.21,0.76,0.758,G5IV/V,18.798904,1
8.11,1.27,1.16,1.067,K0III,13.629019,0
9.01,3.3,1.28,1.096,K1III,16.60257,0
8.14,14.25,0.83,0.593,G0V,18.909073,1
8.13,0.53,0.85,0.154,B0.5IIIn...,11.751379,0
8.21,1.97,0.98,1.557,K5III,14.682331,0
8.48,-0.45,1.27,2.266,M2III,11.746062,0
4.44,10.69,0.78,1.5,K5III,14.584888,0
9.6,5.72,1.68,0.425,F3/F5V,18.38698,1
9.09,0.18,1.16,1.424,K3/K4III,10.366363,0
8.88,6.88,1.18,0.455,F5V,18.067944,1
9.24,2.36,1.23,0.983,G5/G6III/IV,16.104559,1
7.45,4.36,0.79,0.045,A0V,15.647432,1
6.09,8.62,0.72,1.125,K1/K2III,15.767536,0
8.84,4.37,1.17,1.042,K0III,17.042408,0
7.62,6.23,0.89,0.293,A9IV,16.592442,1
9.9,2.76,1.31,0.451,F3IV,17.104546,1
7.94,2.79,0.95,-0.023,B2IVne+...,15.168021,1
7.85,20.82,0.79,0.556,F8/G0V,19.442404,1
7.35,3.47,0.87,1.169,K0III,15.051647,0
8.38,5.71,1.49,0.427,F5IV/V,17.163181,1
9.22,2.55,1.5,0.993,G8IV,16.2527,1
8.45,0.87,1.1,1.611,M2III,13.147596,0
9.37,3.39,1.22,1.06,K0III,17.021,0
7.3,5.8,1.06,1.117,K0III,16.11714,0
7.17,1.16,0.82,1.537,M1III,12.4922905,0
8.19,3.68,0.88,1.138,K1IIICN...,16.01924,0
6.25,5.34,0.77,1.368,K4IIIb,14.887706,0
8.68,5.87,1.7,0.485,F3V,17.523191,1
7.03,16.53,0.82,0.415,F6V,18.121365,1
8.49,5.49,1.09,1.107,K1IV,17.187862,1
9.8,4.4,1.59,0.669,G3/G5V,18.017263,1
9.27,7.71,4.08,0.645,G5V,18.705273,1
8.71,3.1,1.06,0.922,G8III,16.16681,0
8.37,11.18,1.08,0.428,F5V,18.61221,1
6.44,7.25,0.71,1.094,K1IIICN...,15.74169,0
9.12,5.1,0.9,0.463,F5IV/V,17.657852,1
7.83,2.91,0.97,1.256,K2III,15.149465,0
10.05,10.47,1.42,0.563,F8V,20.149734,1
9.9,48.17,1.73,1.318,K7V,23.313883,1
5.59,5.19,0.77,1.185,K1III,14.165836,0
7.03,2.95,0.96,1.605,M0/M1III,14.37911,0
8.76,-0.13,1.41,1.551,M3III,9.329717,0
7.96,5.81,1.33,0.544,F6/F7V,16.78088,1
9.11,3.8,0.85,1.376,K3III,17.008919,0
8.21,4.39,1.24,0.373,F3III/IV,16.422321,1
8.07,3.86,1.1,0.088,A2IV/V,16.002937,1
6.51,5.62,0.73,0.181,A2III,15.258682,0
8.61,11.96,1.03,0.607,G3V,18.998655,1
10.58,2.82,2.02,1.316,M7III,17.831245,0
9.49,7.26,1.35,0.524,F6V,18.794683,1
8.91,-0.39,0.92,1.576,K4/K5V:,11.865322,1
5.55,2.86,0.7,1.388,G5II,12.831831,0
4.67,8.64,0.81,1.047,K0III...,14.352569,0
8.12,2.93,0.92,0.947,K0III,15.454338,0
7.96,2.95,0.82,0.973,K0IIICN...,15.309111,0
7.66,4.1,0.85,1.298,K4III,15.723919,0
8.44,1.51,0.79,1.3,K2III,14.334885,0
8.94,6.86,1.41,0.348,F0V,18.12162,1
6.59,56.76,0.53,0.749,G6V,20.360212,1
6.15,31.39,1.03,0.603,G2V,18.633957,1
8.92,19.12,1.25,0.76,G8V,20.32744,1
5.81,9.06,0.78,1.466,K5III,15.595642,0
6.71,7.29,0.72,0.264,A9V,16.023638,1
7.97,1.52,1.08,1.077,G8III,13.879217,0
8.25,6.04,1.0,0.462,F3V,17.155186,1
9.04,9.78,1.2,0.52,G0V,18.991695,1
9.19,-0.76,1.23,1.547,M2III:,13.594068,0
6.88,6.89,0.91,1.293,K2III,16.071095,0
8.67,5.3,1.3,0.428,F2V,17.291378,1
8.94,6.04,1.15,0.536,F7V,17.845184,1
6.54,7.14,0.82,0.97,G8II,15.808492,0
9.58,4.92,1.34,0.593,F7/F8V,18.039825,1
7.31,6.73,0.9,0.402,F2IV,16.450075,1
7.48,24.65,0.91,0.589,G1V,19.439085,1
9.82,0.95,1.59,1.477,K5III,14.708618,0
8.76,2.05,1.27,1.743,M0/M1III:,15.318769,0
6.19,25.59,0.75,0.386,F2IV,18.230352,1
9.64,1.23,1.24,0.57,B1Ib,15.089526,0
7.98,2.94,1.1,1.212,K1/K2III,15.321737,0
9.22,6.94,0.89,0.55,F5/F6V,18.426798,1
5.91,9.95,0.89,0.97,G9III,15.899115,0
10.45,14.6,1.81,1.072,K7V:,21.271763,1
6.87,2.77,0.95,1.66,M0III,14.082399,0
